"","vars","n","mean","sd","median","trimmed","mad","min","max","range","skew","kurtosis","se"
"Random_Depths",1,50000,1.77230939452989,0.194127672471061,1.804611312024,1.7906055558666,0.172495614094903,0.226278400087122,2.22393225139743,1.99765385131031,-1.11535466063715,2.17655717064775,0.000868165343918215
"Damage",2,50000,30.0983524079207,2.34022260416534,30.2313476676653,30.1811303903853,2.21776106943156,16.0262162071053,38.8022297779781,22.7760135708728,-0.427755345987626,0.637749057803532,0.0104657936507906
