"","vars","n","mean","sd","median","trimmed","mad","min","max","range","skew","kurtosis","se"
"Random_Depths",1,5000,-2.0568,1.55976290892764,-2.5,-2.153,1.4826,-4.5,5.5,10,0.635536162563129,0.44963535589738,0.0220583785989198
"Damage",2,5000,3.61000899640469,7.52228940745414,0,1.643402851716,0,-3.94118222877104,56.4469520412523,60.3881342700234,2.73812807320425,8.20817526793514,0.106381237001171
