"","vars","n","mean","sd","median","trimmed","mad","min","max","range","skew","kurtosis","se"
"Random_Depths",1,5000,-1.0568,1.55976290892764,-1.5,-1.153,1.4826,-3.5,6.5,10,0.635536162563129,0.44963535589738,0.0220583785989198
"Damage",2,5000,7.62022395565059,10.4490008562734,2.31922526828047,5.56607499833215,3.43848338275262,-2.98546911279375,61.461433186393,64.4469022991868,1.60574598064534,2.2496074096435,0.147771187241899
