"","vars","n","mean","sd","median","trimmed","mad","min","max","range","skew","kurtosis","se"
"Random_Depths",1,50000,0.272309394529888,0.194127672471061,0.304611312024004,0.290605555866597,0.172495614094903,-1.27372159991288,0.723932251397429,1.99765385131031,-1.11535466063715,2.17655717064774,0.000868165343918215
"Damage",2,50000,16.074791122089,2.72961332782679,16.2735195940796,16.1992362784634,2.58288954002856,-4.23676419422814,25.3401108640132,29.5768750582414,-0.580175506597404,1.10242410203304,0.0122072019066202
