"","vars","n","mean","sd","median","trimmed","mad","min","max","range","skew","kurtosis","se"
"Random_Depths",1,50000,2.27230939452989,0.194127672471061,2.304611312024,2.2906055558666,0.172495614094903,0.726278400087122,2.72393225139743,1.99765385131031,-1.11535466063715,2.17655717064775,0.000868165343918215
"Damage",2,50000,34.2803223484198,2.2838529350216,34.3822617914899,34.3485656346397,2.21339555619227,20.8301056144303,42.8915236136087,22.0614179991784,-0.368843158917405,0.549963864096949,0.0102137008266414
