"","vars","n","mean","sd","median","trimmed","mad","min","max","range","skew","kurtosis","se"
"X1",1,5000,2.4432,1.55976290892764,2,2.347,1.4826,0,10,10,0.635536162563129,0.44963535589738,0.0220583785989198
