"","vars","n","mean","sd","median","trimmed","mad","min","max","range","skew","kurtosis","se"
"X1",1,50000,2.42960522636025,0.193475119234148,2.39814273665354,2.41185122336393,0.172987731783926,1.97715286987693,3.77265203110065,1.79549916122372,1.09252099377997,2.1262277896459,0.000865247037124865
