"","vars","n","mean","sd","median","trimmed","mad","min","max","range","skew","kurtosis","se"
"X1",1,5000,2.22633455524262,0.192099966244028,2.19424766239872,2.20887526350146,0.17136597338265,1.80573206828031,3.26584874138158,1.46011667310127,1.054578830376,1.81465072377695,0.00271670377593719
